Title,Link
Syllabus,
Glossary,
"1.1 Professional Communication: Introduction, Types of Communication","https://www.youtube.com/watch?v=MqLTLeCsAos&amp;feature=youtu.be ,https://youtu.be/hCGJvL41ECY ,"
"1.2 Oral Communication: Forms, Advantages & Limitations","https://www.youtube.com/watch?v=3zx1xLxLE68&amp;feature=youtu.be ,https://www.youtube.com/watch?v=5hvVjOqk_4o ,"
"1.3 Written Communication: Forms, Advantages & Limitations","https://www.youtube.com/watch?v=02KuJUtPjdk&amp;feature=youtu.be ,https://www.youtube.com/watch?v=BHgQ03UuQvE ,"
1.4 Non-verbal Communication: Principles and Significance,"https://www.youtube.com/watch?v=6cJFAUdF0oQ&amp;feature=youtu.be ,https://www.youtube.com/watch?v=fLaslONQAKM ,"
"1.5 KOPPACT: Kinesis, Oculesics, Paralanguage","https://www.youtube.com/watch?v=OqPWMZmvqfw&amp;feature=youtu.be ,https://www.youtube.com/watch?v=jCUTyi_bKrU ,"
"1.6 KOPPACT: Proxemics, Artifacts, Chronemics, Tactilics","https://www.youtube.com/watch?v=GrC5buVubhE&amp;feature=youtu.be ,https://youtu.be/SKhsavlvuao ,"
2.1.1 Small Talk: Social Communication Essentials,"https://youtu.be/W28KTX_vlWg ,https://youtu.be/WGoIoDuf83o ,"
2.1.2 Small Talk: Conversational Patterns; Differences,"https://youtu.be/uVteqiC-OlY ,https://www.youtube.com/watch?v=xmx07H3sn1w ,"
2.1.3 Building rapport,"https://youtu.be/IhZ8zi2Z8cI ,https://www.youtube.com/watch?v=dENi7K2lX4U ,"
2.1.4 Methods to Build Rapport,"https://youtu.be/LzVrexcObSA ,https://www.youtube.com/watch?v=wEGjZoTBitg ,"
2.1.5 Informal Communication,"https://youtu.be/2NtSLqmgoFA ,https://www.youtube.com/watch?v=egtyq2ccCIA ,"
2.1.6 Informal Communication : Advantages and Limitations of Informal Communication,"https://youtu.be/hxOj9DggcV4 ,https://www.youtube.com/watch?v=jLjuSVQ-PR4 ,"
2.2.1 Introduction to Cross-Cultural Communication ,"https://www.youtube.com/watch?v=sc4XhyPcpHY&amp;feature=youtu.be ,https://www.youtube.com/watch?v=YMyofREc5Jk ,"
2.2.2_Cross-Cultural Communication and Context ,"https://www.youtube.com/watch?v=l47nebg7BtE&amp;feature=youtu.be ,https://youtu.be/kujUs_6qeUI ,"
2.2.3_Ethnocentrism,"https://youtu.be/V9ljcO7Lg0w ,https://www.youtube.com/watch?v=fDreRKfEbZo ,"
2.2.4_Stereotyping ,"https://www.youtube.com/watch?v=LcP64YmyHto&amp;feature=youtu.be ,https://www.youtube.com/watch?v=qMe9Oerdl84 ,"
2.2.5_Cultural Relativism ,"https://www.youtube.com/watch?v=5r5s7FuOaUY&amp;feature=youtu.be ,https://www.youtube.com/watch?v=i43hSPP3qnI ,"
2.2.6_Culture Shock and Social Change ,"https://youtu.be/a_2Cl0uGSWo ,https://www.youtube.com/watch?v=g-ef-xhC_bU ,"
3.1.1 Meetings: Meaning and Purposes,"https://www.youtube.com/watch?v=LgOzq9KJ04s ,https://www.youtube.com/watch?v=2T-7TAxxUfc ,"
3.1.2 Steps in Conducting Meeting,"https://www.youtube.com/watch?v=iMhEPLZGkFA ,https://www.youtube.com/watch?v=Smro12PXsW8 ,"
3.1.3 Written Documents,"https://www.youtube.com/watch?v=Z260gfG-FAo ,https://www.youtube.com/watch?v=X8BkGpi_skQ ,"
3.1.4 Online Meetings,"https://www.youtube.com/watch?v=2U_XlPH1F74 ,https://www.youtube.com/watch?v=NPVTLroz2Ck ,"
4.1.1_Types of Reports,"https://www.youtube.com/watch?v=3-NAJSsFKYw ,https://www.youtube.com/watch?v=_eu9maTxHkg ,"
4.1.2 Significance of Reports,"https://www.youtube.com/watch?v=1DuLGgmu0xI ,https://www.youtube.com/watch?v=p_9d6rcjHeQ ,"
4.1.3 Report Planning,"https://www.youtube.com/watch?v=nwMH3vaYzwI ,https://www.youtube.com/watch?v=unsFK23vJjk ,"
4.1.4 Process of Report Writing,"https://www.youtube.com/watch?v=36xa5J1QgQU ,https://www.youtube.com/watch?v=Sy2KrIIi_eo ,"
4.1.5 Visual aids in Reports,"https://www.youtube.com/watch?v=jORZ_05UmYI ,https://www.youtube.com/watch?v=QRs6RkWvtko ,"
5.1.1_Cover letter,"https://www.youtube.com/watch?v=CIH1HDzP-rQ ,https://www.youtube.com/watch?v=jHg0b7Nai6c ,"
5.1.2_Resume,"https://www.youtube.com/watch?v=HsGeFSIpx7c ,https://www.youtube.com/watch?v=JY18hwH2aTQ ,"
5.1.3_Participating in Group Discussion,"https://www.youtube.com/watch?v=A7rZ-jSUcQ0 ,https://www.youtube.com/watch?v=6MMaIElJiEY&amp;t=1s ,"
5.1.4_Preparation for interview,"https://www.youtube.com/watch?v=GY04Xr26lGg ,https://www.youtube.com/watch?v=KukmClH1KoA ,"
5.1.5_Appearing in an interview,"https://www.youtube.com/watch?v=dsOZyYs9X1o ,https://www.youtube.com/watch?v=1mHjMNZZvFo ,"
Syllabus,
1.1_Financial Accounting- Meaning & Function,"https://youtu.be/BY7vcJZ-1Aw ,https://www.youtube.com/watch?v=756D5Rx-p94&amp;t=92s ,"
1.2_The Role of Accounting in Business,"https://youtu.be/iGX672rMFWs ,https://www.youtube.com/watch?v=ABjCVTBnO_U&amp;list=RDCMUC1KZthNKVq8I8feFK8Z1eIQ&amp;index=2 ,"
1.3_Branches/types of Accounting,"https://youtu.be/imdvdPc_oLc ,https://www.youtube.com/watch?v=bG963a00ZvM&amp;t=129s ,"
1.4_Basic Accounting Terminology,"https://youtu.be/OMh0tG06pto ,"
1.5_Capital Structure- Basic overview,"https://youtu.be/O_sQjun0GLk ,https://www.youtube.com/watch?v=x8LqdZnOnIU ,"
1.6_Capital & Revenue- Expenditures and Receipts,"https://youtu.be/dqB82Df7iiE ,https://www.youtube.com/watch?v=HivdhjwWAqI ,"
1.7_Concepts and Conventions of Accounting -part 1,"https://youtu.be/aAOp-uEgAoU ,https://www.youtube.com/watch?v=Is_8m8eE6Ls&amp;t=24s ,"
1.8_Concepts and Conventions of Accounting-part 2,"https://youtu.be/oKOhT2PcayY ,https://www.youtube.com/watch?v=5-zfjI0XOqc&amp;t=51s ,"
"1.9_Indian Accounting Standard, US GAAP & IFRS- overview","https://youtu.be/RA1Pqi0N9SE ,https://www.youtube.com/watch?v=7B96MhOGaqE&amp;t=157s ,"
1.10_Accounting Cycle,"https://youtu.be/GliFucsbYm8 ,https://www.youtube.com/watch?v=RrtLr6BZets ,"
1.11_Accounting Equation-Part 1,"https://youtu.be/DhykKmWJY2U ,https://www.youtube.com/watch?v=56xscQ4viWE&amp;t=1s ,"
1.12_Accounting Equation-Part 2,"https://youtu.be/D_V60tWsM_A ,https://www.youtube.com/watch?v=_w-l_ExhJ5s&amp;t=157s ,"
1.13_Recording of transactions & Rules of Debit & Credit,"https://youtu.be/APhp23an1ZE ,https://www.youtube.com/watch?v=CAVaV-96eBk ,"
1.14_Journal Entry part-1,"https://youtu.be/EWS-No1O9mE ,https://www.youtube.com/watch?v=Y-_Q3rANyxU&amp;list=PL5zKSeS09l339nB6ujJPQ9Rsv99_b-aTb&amp;index=4 ,"
1.15_Journal Entry part-2,"https://youtu.be/fgaq48L3P_w ,https://www.youtube.com/watch?v=w2FmuagHkF4 ,"
1.16_Ledger Posting,"https://youtu.be/r5lw7Ri3peo ,https://www.youtube.com/watch?v=cUacqKK0EVM ,"
1.17_Subsidiary Books,"https://youtu.be/WyRsGco7t0U ,https://www.youtube.com/watch?v=b6Z_bbTVO4k ,"
"1.18_Trial Balance- Meaning, Benefit & format","https://youtu.be/kpPAMmkFNgs ,https://www.youtube.com/watch?v=3_PfoTzSCQE&amp;list=PL5zKSeS09l339nB6ujJPQ9Rsv99_b-aTb&amp;index=5 ,"
1.19_Preparation of Trial Balance,"https://youtu.be/MkIOm3KNWH8 ,https://www.youtube.com/watch?v=x7UOZysKImE ,"
2.1_Financial Statements- Meaning. Characteristics,"https://youtu.be/O3_bAlsUDGA ,https://www.youtube.com/watch?v=-e54zhT6z_E ,"
"2.2_Financial Statements- Components, its users","https://youtu.be/Y2FphlKq83I ,https://www.youtube.com/watch?v=4sGEtZcLdx8 ,"
2.3_Income Statement Part 1,"https://youtu.be/ecDxQMFm1wk ,https://www.youtube.com/watch?v=hrSUq4wcd0g ,"
2.4_Income Statement Part 2,"https://youtu.be/abULtOgv2lU ,https://www.youtube.com/watch?v=3BE2cbRl4rg ,"
2.5_Income Statement Part 3,"https://youtu.be/TTAjSetNd-w ,https://www.youtube.com/watch?v=tSr1P_vDiC8 ,"
2.6_Income Statement Part 4,"https://youtu.be/iDuUW_PO1hE ,https://www.youtube.com/watch?v=Hq-44PHgAiU ,"
2.7_Dividends and Earning Per Share,"https://youtu.be/spaURCEoOT8 ,https://www.youtube.com/watch?v=TXjkQy5KJog ,"
2.8_Income Statement as per Indian Companies Act 2013 Revised Schedule III,"https://youtu.be/qXeg7wRN2aQ ,https://www.youtube.com/watch?v=PIO8yHvF10w ,"
2.9_Balance Sheet Part 1,"https://youtu.be/lbsXek7Po0g ,https://www.youtube.com/watch?v=zM7ddO52JqM ,"
2.10_Balance Sheet Part 2,"https://youtu.be/re1whyaaNBA ,https://www.youtube.com/watch?v=pnqC8RQSJ1M ,"
2.11_Balance Sheet Part 3,"https://youtu.be/1FXsdUukfQU ,https://www.youtube.com/watch?v=ORsVXVTKnWQ ,"
2.12_Statement of change of equity,"https://youtu.be/IFse7l4cRm4 ,https://www.youtube.com/watch?v=x3bjr3JPedE ,"
2.13_Balance Sheet as per Indian Companies Act 2013 Revised Schedule III,"https://www.youtube.com/watch?v=JPBD7gUqPc4 ,https://www.youtube.com/watch?v=KNzGkC81t1Y ,"
2.14_Introduction to Depreciation,"https://youtu.be/eaTPkH1hBBE ,https://www.youtube.com/watch?v=XvuuiEij0mU ,"
2.15_Depreciation - Straight Line Method,"https://youtu.be/7cvOqUrMdpQ ,https://www.youtube.com/watch?v=MWL8QHwoI_0 ,"
2.16_Depreciation- Annuity and Units of Production Method,"https://youtu.be/kdcco-3KhRE ,https://www.youtube.com/watch?v=QJk6DgML0BQ ,"
2.17_Depreciation- Sinking Fund and Depletion Method,"https://youtu.be/3FGsZgNmHMA ,https://www.youtube.com/watch?v=M-VzJ51zZoM ,"
2.18_Depreciation - Change in Rate and Useful Life,"https://youtu.be/-Tb8v_Mxcbw ,https://www.youtube.com/watch?v=jv2XxyCPLVM ,"
3.1_Overview of Financial Statement Analysis,"https://youtu.be/o3zPJYEq8dw ,"
3.2_Trend Analysis,"https://youtu.be/R1gZbwjYx4c ,"
3.3_Comparative Balance Sheet—Horizontal Analysis,"https://youtu.be/WO2F2yM9CNk ,"
3.4_Comparative Income Statement—Horizontal Analysis,"https://youtu.be/mgvXXg1HKLU ,"
3.5_Comparative Balance Sheet—Vertical Analysis,"https://youtu.be/7biE8bwUO6w ,"
3.6_Comparative Income Statement—Vertical Analysis,"https://youtu.be/hDyE0ebF6fs ,"
3.7_Inter Firm Comparison,"https://youtu.be/QCZwd4vVUCY ,"
3.8_Ratio Analysis- Part 1 ( Profitability Ratios),"https://youtu.be/dMxcCIqNqOs ,"
3.9_Ratio Analysis- Part 2 ( Liquidity Ratios),"https://youtu.be/ffzGc4tEC6w ,"
3.10_Ratio Analysis- Part 3 (Solvency Ratio),"https://youtu.be/Oz-Gh6C9X_U ,"
3.11_Ratio Analysis- Part 4 (Turnover ratios),"https://youtu.be/0Kr0EICX3nQ ,"
3.12_Ratio Analysis- Part 5 (Earning ratios),"https://youtu.be/8a_tBoCalh0 ,"
3.13_DuPont decomposition analysis,"https://youtu.be/-bLB9BcMYl4 ,"
3.14_Ratio Analysis Computation,"https://youtu.be/mOzWWQaKZcw ,"
3.15_Cash flow Statement- Overview,"https://youtu.be/gtmkhUT1seg ,"
3.16_Cash Flow from Operations- (direct method),"https://youtu.be/KpvJ5juomyI ,"
3.17_Cash Flow from Operations- (Indirect method),"https://youtu.be/Q5VV7IOLTSA ,"
3.18_Cash Flow Statement-Numerical 1,"https://youtu.be/LhbFBj1Eauo ,"
3.19_Cash Flow Statement-Numerical 2,"https://youtu.be/5IMCXj-xvpg ,"
4.1_Introduction to Cost & Management Accounting,"https://youtu.be/bZrZV7elZ6Q ,https://www.youtube.com/watch?v=_z4-7xr6ur8 ,"
4.2_Cost Classification,"https://youtu.be/O-O_db__MY4 ,https://www.youtube.com/watch?v=AftMpBZrZPE ,"
4.3_Cost Sheet - Part 1 - Explaining the sheet,"https://youtu.be/ENvqbsvtfLo ,https://www.youtube.com/watch?v=WxGGtXkgOiA ,"
4.4_Cost Sheet - Part II - Showing a numerical example,"https://youtu.be/OYA9g4jBcdc ,https://www.youtube.com/watch?v=gf5AW_dZgSc ,"
4.5_Marginal Costing - Meaning and purpose,"https://youtu.be/GIHE7nhQUbg ,https://www.youtube.com/watch?v=zKsZmNuToAI ,"
"4.6_CVP Analysis - Contribution, P/V ratio, etc","https://youtu.be/jAhpPgbWFGo ,https://www.youtube.com/watch?v=CN7dJSmnWAM ,"
4.7_CVP Analysis -Break Even Analysis,"https://youtu.be/wOZ6rqEta3Q ,https://www.youtube.com/watch?v=mN8dGY57IBk ,"
4.8_CVP Analysis -Margin of Safety,"https://youtu.be/-ujXfhhbehc ,https://www.youtube.com/watch?v=QpVVN3VpOlU ,"
"4.9_CVP Analysis - Decision making, examples","https://youtu.be/o_N3NtOURUE ,https://www.youtube.com/watch?v=LSTqF7eASK4 ,"
"4.10_Inventory Valuation - Introduction, Periodic, Perpetual & FIFO","https://youtu.be/UEa4y4zowTU ,https://www.youtube.com/watch?v=tAJ8mRfffJ8 ,"
4.11_Inventory Valuation - LIFO & Average methods,"https://youtu.be/T9pmklUE9OE ,https://www.youtube.com/watch?v=Hvul1enbwjk ,"
4.12_Standard Costing & Variance Analysis - Introduction,"https://youtu.be/ATkGBcEiWFM ,https://www.youtube.com/watch?v=Yc0psqUKNOA ,"
4.13_Variance Analysis - Material,"https://youtu.be/tKja5Zh26ZI ,https://www.youtube.com/watch?v=SMTa1lZu7Qw ,"
4.14_Variance Analysis - Labour,"https://youtu.be/U-jx-CTi0dQ ,https://www.youtube.com/watch?v=zNriZz-zCec ,"
4.15_Budget & Budgeting - Introduction & types of budgets,"https://youtu.be/tyvuxg_imd8 ,https://www.youtube.com/watch?v=uyK_Dv9Bmb4 ,"
4.16_Types of Budgets Part-1,"https://youtu.be/q5TQz8THNC8 ,https://www.youtube.com/watch?v=mkWQVJzbyRs&amp;t=822s ,"
4.17_Types of Budgets Part-2,"https://youtu.be/Iu_yqPAsq_o ,https://www.youtube.com/watch?v=JHVaey2WdPE ,"
4.18_Numerical - CVP Analysis,"https://youtu.be/aXnptlzDjxs ,https://www.youtube.com/watch?v=Nw2IioaF6Lc ,"
4.19_Numerical - Variance Analysis,"https://youtu.be/MbjfPVR4KYQ ,https://www.youtube.com/watch?v=-e32TQdCjDg ,"
4.20_Numerical - Budgets,"https://youtu.be/ZtfhGBcLsdk ,https://www.youtube.com/watch?v=KyzTDcmxh64 ,"
5.1_Financial Modelling - An Introduction,"https://youtu.be/Ud2rJGBxUFM ,"
5.2_Sales & Accounts Receivables Budget,"https://youtu.be/X6eB9GxZB8M ,"
"5.3_COGS, Inventory, Purchases & Accounts Payables Budget","https://youtu.be/FenwbFc_qIc ,"
"5.4_Salaries, Operating Expenses and Capital Budget","https://youtu.be/q-ls7ycPkzY ,"
5.5_Cash Budget,"https://youtu.be/YqmhVCIFXQg ,"
5.6_Income Statement,"https://youtu.be/XfCrboY0cIo ,"
5.7_Balance Sheet,"https://youtu.be/wMXTfb47W0k ,"
5.8_Cash flow statement,"https://youtu.be/nUYxmR1p4qg ,"
5.9_Financial Ratios,"https://youtu.be/mzqUICH4FFE ,"
5.10_CVP Analysis,"https://youtu.be/MxlvJieQz1Y ,"
5.11_Use of Prowess in Finance,"https://youtu.be/PFrwGfsyaCM ,"
5.12_Human Resource Accounting,"https://youtu.be/f5fNQ2yl8IY ,"
5.13_Inflation Accounting,"https://youtu.be/BqcC1-tftQU ,"
5.14_IFRS - Introduction,"https://youtu.be/7mytu-WifyY ,"
5.15_IFRS Framework,"https://youtu.be/pVBSFusr70Y ,"
Syllabus,
Glossary,
1.1.1 - Nature of economic analysis,"https://youtu.be/A01DoFvrJNU ,https://www.youtube.com/watch?v=pWZimiDppKE ,"
1.1.2 - Scope of economic analysis,"https://youtu.be/3ooUhLgY7Mg ,https://www.youtube.com/watch?v=pWZimiDppKE ,"
1.1.3 - Relevance of managerial economics in decision making,"https://youtu.be/slDrhtOvDTU ,https://www.youtube.com/watch?v=xnZop33FjaE ,"
1.1.4 - Demand analysis,"https://youtu.be/UNTpM0-fcwo ,https://www.youtube.com/watch?v=kUPm2tMCbGE ,"
1.1.5 - Individual demand vs. market demand,"https://youtu.be/bwSi9JiGShA ,https://www.youtube.com/watch?v=biFlpaMFW7Q ,"
1.1.6 - Demand by market segmentation,"https://youtu.be/xuGZ_6KdbFk ,https://www.youtube.com/watch?v=0srjdRDh99Y ,"
1.1.7 - Determinants of demand,"https://youtu.be/CHXBApBjZOU ,https://www.youtube.com/watch?v=GwXypq9CR2E ,"
1.1.8 - Demand Elasticities - Perfectly Elastic Demand; Perfectly Inelastic Demand; Relatively Elastic Demand; Relatively Inelastic Demand and Unitary Elastic Demand,"https://youtu.be/VrYCSU8VxIo ,https://www.youtube.com/watch?v=J82_xd5XxXg ,"
"1.1.9 - Concept of elasticity of demand- income, cross, price and advertising elasticity","https://youtu.be/8C6lMYU6oAQ ,https://www.youtube.com/watch?v=MxOMjjf4n1w ,"
1.1.10 - Theorems on the price elasticity of demand,"https://youtu.be/ORzjaDjlUuw ,https://www.youtube.com/watch?v=MxOMjjf4n1w ,"
1.1.11 - Use of demand elasticities in business-decision making,"https://youtu.be/VljwKOeQblU ,https://www.youtube.com/watch?v=34Cvda4TWvI ,"
1.2.1 - Supply vs. Quantity Supplied,"https://youtu.be/wo4cUsPlZnQ ,https://www.youtube.com/watch?v=nNyurWLLtTI ,"
1.2.2 - Supply Function,"https://youtu.be/o4Fl3w5WlH0 ,https://www.youtube.com/watch?v=NpCuj0lMRtQ ,https://www.youtube.com/watch?v=_rF0GUB2MxU ,https://www.youtube.com/watch?v=SA16Qw09bXM ,"
1.2.3 - Determinants of supply of a product,"https://youtu.be/URArx2JzfZs ,https://www.youtube.com/watch?v=vkeP7uzLIew ,"
1.2.4 - Law of supply and Features of Supply curve,"https://youtu.be/JlBHX_7BLIw ,https://www.youtube.com/watch?v=nKvrbOq1OfI ,"
1.2.5 - Elasticity of Supply - Perfect Inelastic Supply; Relatively Inelastic Supply; Unit Elastic Supply; Relatively Elastic Supply and Perfectly Elastic Supply.,"https://youtu.be/plkeLZ8t7L4 ,https://www.youtube.com/watch?v=gguIcyQzSog ,"
1.2.6 - Use of supply elasticities in business-decision making,"https://www.youtube.com/watch?v=eKzagFgbrQg ,https://www.youtube.com/watch?v=pyuOcDjul8s ,"
1.2.7 - Market Equilibrium - Equilibrium quantity and equilibrium price,"https://youtu.be/av-kLZDxcmc ,https://www.youtube.com/watch?v=PEMkfgrifDw ,"
1.3.1 - Needs of demand forecasting,"https://youtu.be/kE6DdCp-t3I ,https://www.youtube.com/watch?v=WXM0GwiILc0 ,"
1.3.2 - Techniques of Demand forecasting,"https://youtu.be/yL9T4Wz7PXg ,https://www.youtube.com/watch?v=WXM0GwiILc0 ,"
Case Study - Theory of Demand and Supply,"https://youtu.be/7pmRwIkBI20 ,"
2.1.1 - Short run vs Long run,"https://youtu.be/GCGcVQyw5FE ,https://www.youtube.com/watch?v=sPQ4bvTJNTA ,"
2.1.2 - Factors of production,"https://youtu.be/DBE8i8Jkdqg ,https://www.youtube.com/watch?v=VZD7dTSHmIo ,"
2.1.3 - Production Function/ Production Analysis,"https://youtu.be/l0arD40-bE4 ,https://www.youtube.com/watch?v=1FAeQPNk4Wo ,"
2.1.4 - Production Function - neo-classical,"https://youtu.be/_6iHyY9Qqzg ,https://www.youtube.com/watch?v=LbiMRQrpleg ,"
2.1.5 - Production Function - Cobb- Douglas,"https://youtu.be/A6xnsuArtHs ,https://www.youtube.com/watch?v=qpaiuJA-nFU ,"
2.1.6 - Production Function - Leontief,"https://youtu.be/MHXbp7vle20 ,https://www.youtube.com/watch?v=JIATR2jBBxw ,"
2.1.7 - Isocost,"https://youtu.be/KxH_1leiGWo ,https://www.youtube.com/watch?v=xsiczUggCq4 ,"
2.1.8 - Isocost - feature and example,"https://youtu.be/QA24oh5ksNU ,https://www.youtube.com/watch?v=xsiczUggCq4 ,"
2.1.9 - Isoquant - smooth curvature and right angle,"https://youtu.be/EcfSc-i4goM ,https://www.youtube.com/watch?v=vNYoYPxEbN0 ,"
2.1.10 - Isoquant - feature and example,"https://youtu.be/1yUx2zmhUHI ,https://www.youtube.com/watch?v=p6Zq5r4PcGs ,"
2.1.11 - Optimal combinations of inputs: The Least – Cost combinations of Input,"https://youtu.be/H9wQVvMzlA4 ,https://www.youtube.com/watch?v=lT8eSU9pxcw ,"
2.1.12 - Returns to scale and returns to a factor,"https://youtu.be/gBULD3IJAKI ,https://www.youtube.com/watch?v=gPyPvWxJOlc ,"
2.1.13 - Expansion path of a firm,"https://youtu.be/RgUqmdZVmXs ,https://www.youtube.com/watch?v=shzsFVoN5iY ,"
2.1.14 - Laws of Returns to scale through production function,"https://youtu.be/DmzMx9L2wt0 ,https://www.youtube.com/watch?v=w2Cl_dcQXQw ,"
2.1.15 - Laws of Returns to scale through production function - Example,"https://youtu.be/6ZN-hE_z7KI ,https://www.youtube.com/watch?v=2xpEStbSsSU ,"
2.2.1 - Cost function/ Cost Analysis,"https://youtu.be/XzW5Oz2SDP4 ,https://www.youtube.com/watch?v=TI5lbZrUbyA ,"
2.2.2 - Costs relevant for management decision making,"https://youtu.be/xFFtWFohh-I ,https://www.youtube.com/watch?v=nsfPUisgeP4 ,"
2.2.3 - Theory of cost,"https://www.youtube.com/watch?v=8_5MmK1hHwI&amp;feature=youtu.be ,https://www.youtube.com/watch?v=4X9THnt9ooU ,"
2.2.4 - Long run cost and short run cost,"https://youtu.be/uFrm2CrAze8 ,https://www.youtube.com/watch?v=fgynOlklK_k ,"
2.2.5 - Types of cost,"https://youtu.be/GBtxlVkNGNc ,https://www.youtube.com/watch?v=HI8Jxe4XpH8 ,"
2.2.6 - Internal and External Economies and Dis-economies of scale,"https://youtu.be/oPWDaiBQ3FQ ,https://www.youtube.com/watch?v=3y3I1wc0Wtw ,"
2.2.7 - Cost and Output Relation,"https://youtu.be/YheuYNtAu_g ,https://www.youtube.com/watch?v=zBGUPzXvsbE ,"
2.2.8 - An Analysis of the Objectives of a Business Firm: Profit Maximization Model,"https://youtu.be/qt_94UfapsI ,https://www.youtube.com/watch?v=cc07x5tCrNc ,"
2.2.9 - Baumoul’s Sales Maximization Model,"https://youtu.be/t1gV0HeYc2I ,https://www.youtube.com/watch?v=nyEZoyyq3pI&amp;t=3s ,"
2.2.10 - Marris’s Model Of ‘Managerial Enterprise',"https://youtu.be/WL_RgdasCZs ,https://www.youtube.com/watch?v=FyMUupaBVXw ,"
2.2.11 - Williamson’s Model Of 'Managerial Discretion,"https://youtu.be/AiBdK15Zegw ,https://www.youtube.com/watch?v=0n17M_VMMaw ,"
Case Study - Theory of Production and Cost,"https://youtu.be/kn2kz5KWeVI ,"
3.1.1 - Perfect and Imperfect competition,"https://www.youtube.com/watch?v=GkXLqchdgTQ ,https://www.youtube.com/watch?v=8YYVB9KjC8k ,"
"3.1.2 - Perfect Competition - How price is decided, what are the features and examples","https://www.youtube.com/watch?v=cNbi3Q_0pGw ,https://www.youtube.com/watch?v=lxlYI24VcpU ,"
"3.1.3 - Monopoly - How price is decided, what are the features and examples","https://www.youtube.com/watch?v=fl_dJvUFOkI ,https://www.youtube.com/watch?v=prMWaPmh1bU ,"
"3.1.4 - Ist degree price discrimination- How price is decided, what are the features and examples","https://www.youtube.com/watch?v=JG4rMVlLjbg ,https://www.youtube.com/watch?v=wh1ryDdQg_k ,"
"3.1.5 - IInd degree price discrimination- How price is decided, what are the features and examples","https://www.youtube.com/watch?v=XKW7IR2ZZOc ,https://www.youtube.com/watch?v=h73HeC-2SbQ ,"
"3.1.6 - IIIrd degree price discrimination- How price is decided, what are the features and examples","https://www.youtube.com/watch?v=i0e7VpC92Ic ,https://www.youtube.com/watch?v=81xgZrImmCc ,"
"3.1.7 - Monopolistic Competition - How price is decided, what are the features and examples","https://www.youtube.com/watch?v=hKpnJme3GD4 ,https://www.youtube.com/watch?v=d57jftLwi4s ,"
"3.1.8 - Oligopoly - How price is decided, what are the features and examples","https://www.youtube.com/watch?v=fhiFEPsIcLQ ,https://www.youtube.com/watch?v=gM1rbI64uec ,"
3.1.9 - Models Of Oligopolistic Market : Price Rigidity-- The Kinky Demand Curve Model Interdependence-- The Cournot Model,"https://www.youtube.com/watch?v=RAAYi7M35Ig ,https://www.youtube.com/watch?v=gM1rbI64uec ,"
3.1.10 - Game theory and importance of game theory in market structure,"https://www.youtube.com/watch?v=puUsQSeB18c ,https://www.youtube.com/watch?v=MHS-htjGgSY ,"
3.1.11 - Price Leadership Models,"https://www.youtube.com/watch?v=Pt9oziwtPys ,https://www.youtube.com/watch?v=oQFfcfc1ato ,"
3.1.12 - Cartels and Collusion,"https://www.youtube.com/watch?v=OH8XQQ0LrJc ,https://www.youtube.com/watch?v=shOkLXolj_Y ,"
4.1.1 - Economic Policy and Analysis: Macro Economic Variables and Functional Relationships,"https://www.youtube.com/watch?v=gI2h0hvyBUw&amp;feature=youtu.be ,https://www.youtube.com/watch?v=hw7BsOG7qHE ,"
4.1.2 - Approaches to National Income Measurement - Three approaches,"https://www.youtube.com/watch?v=9-49OrFE-Vg ,https://www.youtube.com/watch?v=ZdGnhusKnRU ,"
"4.1.3 - Models of Circular Flow of Money- Incorporating Savings, Investment, Foreign Trade and Government Sector","https://www.youtube.com/watch?v=aMUwJir8R_0&amp;feature=youtu.be ,https://www.youtube.com/watch?v=_PKH2wtDT3E ,"
4.1.4 - Models of Income Determination with emphasis on Keynesian Model.,"https://www.youtube.com/watch?v=F8GqC-L2SCo&amp;feature=youtu.be ,https://www.youtube.com/watch?v=x33N7nX_ztI ,"
4.1.5 - Concept of Investment Multiplier,"https://www.youtube.com/watch?v=cWB5DFqv-ak ,https://www.youtube.com/watch?v=5UHwLrk3qaw ,"
"4.1.6 - Factors Influencing Consumption Function- Objective, Subjective And Structural.","https://www.youtube.com/watch?v=p8Vv5ug7jDQ&amp;feature=youtu.be ,https://www.youtube.com/watch?v=UwoPLsi7kUo ,"
"4.1.7 - Demand and Supply of Money: Transaction, Precautionary and Speculative Demand for Money","https://www.youtube.com/watch?v=3lncfgNxb9A&amp;feature=youtu.be ,https://www.youtube.com/watch?v=qiYLXPweGNA ,"
4.1.8 - Liquidity Preference Function,"https://www.youtube.com/watch?v=7rZq402djl8&amp;feature=youtu.be ,https://www.youtube.com/watch?v=yz1G-e1ks98 ,"
4.1.9 - Components of Money Supply,"https://www.youtube.com/watch?v=z7HLmUXN9hI ,https://www.youtube.com/watch?v=W3k7Gw39OHI ,"
5.1.1 - Business Environment: An Exogenous Variable,"https://www.youtube.com/watch?v=thdikskYUcw ,"
5.1.2 - Factors Influencing the Business Environment,"https://www.youtube.com/watch?v=FyRilkn3IiM ,"
5.1.3 - National Income Analysis: National Income Aggregates,"https://www.youtube.com/watch?v=twEyWvihGjU ,"
5.1.4 - Business Cycles: An Analysis of the Fluctuations in the Level of Economic Activity,"https://www.youtube.com/watch?v=TXrOpjG4dUs ,"
5.1.5 - Phases of Business Cycles,"https://www.youtube.com/watch?v=VzZ2iJDFT_o ,"
5.1.6 - Inflation and Deflation: Demand - Pull and Cost -Push Inflation.,"https://www.youtube.com/watch?v=gSDG8yYPhVc ,"
"5.1.7 - Impact Of Inflation On Employment, Price Level And Other Macro Economic Variables","https://www.youtube.com/watch?v=gSDG8yYPhVc ,"
5.1.8 - An Analysis Of Policies To Control Inflation,"https://www.youtube.com/watch?v=6rT5S-4bvKQ ,"
5.1.9 - Deflation,"https://www.youtube.com/watch?v=ouNKQ1OUnwc ,"
5.1.10 - Monetary Policy: Objectives of Monetary Policy,"https://www.youtube.com/watch?v=ntxMOKXHlfo ,"
5.1.11 - Functions of Central Bank,"https://www.youtube.com/watch?v=X32PxTXcmQM ,"
5.1.12 - Credit Policy and Its Implications on the Corporate Sector,"https://www.youtube.com/watch?v=wV6_58IHZL0 ,"
"5.1.13 - Fiscal Policy: meaning ,objectives and impact on economy","https://www.youtube.com/watch?v=_tULRch1PRQ ,"
5.1.14 - Money Market,"https://www.youtube.com/watch?v=zTaEjXH_E44 ,"
5.1.15 - Capital Market and Foreign Exchange Market,"https://www.youtube.com/watch?v=WcTAguJW_IU ,"
Syllabus,
Glossary,
1.1.1 Statistical thinking/analysis,"https://www.youtube.com/watch?v=F-bYLsJ7Wm4&amp;feature=youtu.be ,https://www.youtube.com/watch?v=OJt-k9h9pmk&amp;list=PLRKtJ4IpxJpBxX2S9wXJUhB1_ha3ADFpF ,"
1.1.2 Limitations and Applications of Statistics,"https://www.youtube.com/watch?v=QPUFOapw5Rk&amp;feature=youtu.be ,https://www.youtube.com/watch?v=j4WALevrfg4 ,"
1.1.3 Types of Statistical Methods: Descriptive & Inferential,"https://www.youtube.com/watch?v=hdj0lK1Ukns&amp;feature=youtu.be ,https://www.youtube.com/watch?v=VHYOuWu9jQI&amp;t=7s ,"
1.1.4 Importance and scope of statistics,"https://youtu.be/sxu4IUhnD1c ,https://www.youtube.com/watch?v=jtI-7wsuYYY ,"
1.1.5 Population and Sample,"https://youtu.be/dknCnYeivgo ,https://www.youtube.com/watch?v=eIZD1BFfw8E ,"
1.2.1 Importance of graphical representation of data,"https://www.youtube.com/watch?v=2E6hr5dc9Ig&amp;feature=youtu.be ,https://www.youtube.com/watch?v=cq11EqV9Yas ,"
1.2.2 Bar Chart,"https://www.youtube.com/watch?v=Qw4ijFnG5gw&amp;feature=youtu.be ,https://www.youtube.com/watch?v=FYFYrjMLG7E ,"
1.2.3 Pie Chart,"https://www.youtube.com/watch?v=uL7mnDifb5Q&amp;feature=youtu.be ,https://www.youtube.com/watch?v=8-GZRGwcgVs&amp;t=1s ,"
1.2.4 Histogram,"https://www.youtube.com/watch?v=T_okcHMn3Jo&amp;feature=youtu.be ,https://www.youtube.com/watch?v=YLPDPglvePY ,"
1.2.5 Frequency Polygon,"https://www.youtube.com/watch?v=E6ycbr3cU9c&amp;feature=youtu.be ,https://www.youtube.com/watch?v=k1ZFZ3hTftg ,"
1.2.6 Ogives,"https://www.youtube.com/watch?v=G1A0nUxEuIE&amp;feature=youtu.be ,https://www.youtube.com/watch?v=Wo_JdJwy50A ,"
1.2.7 Pareto Chart,"https://youtu.be/ZlKz7aBTwww ,https://www.youtube.com/watch?v=ltBw6kwD3_o ,"
1.2.8 Stem-and-leaf display,"https://youtu.be/pjuJ_RPS2ok ,https://www.youtube.com/watch?v=MUCvUgGfzdo ,"
1.2.9 Cross tabulations,"https://youtu.be/o7l37c-WuRo ,https://www.youtube.com/watch?v=dgjzqzdKvIQ ,"
1.2.10 Scatter plot and Trend line,"https://youtu.be/mPz95azoSys ,https://www.youtube.com/watch?v=0sWdgQRrKYc ,"
1.3.1 Arithmetic mean - intro and application,"https://youtu.be/UMNvGgQvvZY ,https://www.youtube.com/watch?v=SNwjr5o0kBE ,"
1.3.2 Median - intro and application,"https://youtu.be/8JSWEOIc-5E ,https://www.youtube.com/watch?v=0ifDuw-Qgvo ,"
1.3.3 Mode - intro and application,"https://youtu.be/dXWglOMrGag ,https://www.youtube.com/watch?v=kZzUqCRI1UU ,"
1.3.4 Partition values - Quartiles and percentiles,"https://youtu.be/-CJXjBUVDGQ ,https://www.youtube.com/watch?v=czQ5wd6H_3M ,"
1.3.5 Measures of Dispersion - Range - intro and Application,"https://youtu.be/9IrGTmjDnBE ,https://www.youtube.com/watch?v=Uu2ZnvRc0rk ,"
1.3.6 Inter Quartile Range - intro and Application,"https://youtu.be/JhyMowqHFAg ,https://www.youtube.com/watch?v=qLYYHWYr8xI ,"
1.3.7 Standard deviation and variance,"https://www.youtube.com/watch?v=SzzAt8GpAc8 ,https://www.youtube.com/watch?v=wDAd_QHKoOg ,"
1.3.8 Relative measure of dispersion - Coefficient of variation,"https://youtu.be/laJVb4nyTjo ,https://www.youtube.com/watch?v=9dwLKGoaeEs ,"
Industry Example,"https://youtu.be/Z0_NlRLPyR4 ,"
Case Study,"https://youtu.be/AfSDYJZTn_w ,"
Relevant Industry Example,"https://youtu.be/FM-AxY1O3xs ,"
Case Study,"https://www.youtube.com/watch?v=S3C3Ti65aik&amp;feature=youtu.be ,"
2.1.1 Probability - Introduction,"https://www.youtube.com/watch?v=CmWh7xs3fjM ,https://www.youtube.com/watch?v=8cEB3dWW7IM ,"
2.1.2 Types of Events,"https://www.youtube.com/watch?v=CkB1OB3bIsc ,https://www.youtube.com/watch?v=7QlZjoLmg3I ,https://www.youtube.com/watch?v=SQLAWVkFk4E ,"
2.1.3 Algebra of Events,"https://www.youtube.com/watch?v=aQ5PgpTMiUA ,https://www.youtube.com/watch?v=B1v9OeCTlu0 ,"
2.1.4 Addition Rule of Probability,"https://www.youtube.com/watch?v=eLWURqIcnwo ,https://www.youtube.com/watch?v=QE2uR6Z-NcU ,"
2.1.5 Multiplication Rule of Probability,"https://www.youtube.com/watch?v=MEYhWOmszJA ,https://www.youtube.com/watch?v=BQrQBnsKUOU ,"
"2.1.6 Conditional, joint and marginal probability","https://www.youtube.com/watch?v=ABO2qnU1ujY ,https://www.youtube.com/watch?v=SrEmzdOT65s ,"
2.1.7 Baye's theorem,"https://www.youtube.com/watch?v=gxjLOQA8COU ,https://www.youtube.com/watch?v=HZGCoVF3YvM ,"
2.2.1 Random Variables - Introduction,"https://www.youtube.com/watch?v=hSu30JnJD7U ,https://www.youtube.com/watch?v=lHCpYeFvTs0 ,"
2.2.2 Mean Expected value of random variable,"https://www.youtube.com/watch?v=tcVG6tdL2Go ,https://www.youtube.com/watch?v=OvTEhNL96v0 ,"
2.2.3 Variance and standard deviation of random variable,"https://www.youtube.com/watch?v=0zNwTZfiuMk ,https://www.youtube.com/watch?v=2egl_5c8i-g ,"
2.2.4 Binomial Distribution - Introduction,"https://www.youtube.com/watch?v=zx53U0LR1Bs ,https://www.youtube.com/watch?v=NaDZ0zVTyXQ ,"
2.2.5 Binomial Distribution - Application,"https://www.youtube.com/watch?v=13fGhVUzqrs ,https://www.youtube.com/watch?v=e04_wUoscBU ,"
2.2.6 Poisson Distribution-Introduction,"https://www.youtube.com/watch?v=MQljbTlEeoY ,https://www.youtube.com/watch?v=jmqZG6roVqU ,"
2.2.7 Poisson Distribution-Application,"https://www.youtube.com/watch?v=ezx1CGGMFPY ,https://www.youtube.com/watch?v=2zK3KpV3bx4 ,"
2.2.8 Normal Distribution- Introduction including empirical rule,"https://www.youtube.com/watch?v=SA4p4XI4a2o ,https://www.youtube.com/watch?v=Txylq6RLiK8 ,"
2.2.9 Standard Normal Distribution-Introduction,"https://www.youtube.com/watch?v=AzTUxlNJeBQ&amp;feature=youtu.be ,https://www.youtube.com/watch?v=iYiOVISWXS4 ,"
2.2.10 Standard Normal Distribution-Application,"https://www.youtube.com/watch?v=d-1TTq_YP5E ,https://www.youtube.com/watch?v=QMyA8UGQAUQ ,"
Industry Example,"https://youtu.be/Z0_NlRLPyR4 ,"
Case Study,"https://youtu.be/AfSDYJZTn_w ,"
Industry Example,"https://www.youtube.com/watch?v=6QfxS_zKk38 ,"
Case Study,"https://www.youtube.com/watch?v=2358fMV_f1c ,"
3.1.1 Sampling - Introduction,"https://youtu.be/PnSZFb3pd5g ,https://www.youtube.com/watch?v=sDnw4FFTb6Q ,"
3.1.2 Types of Sampling,"https://youtu.be/58GKsQ8Qymk ,"
3.1.3 Types of Sampling & Non Sampling errors and Precautions,"https://youtu.be/aTZMoJviiMs ,https://www.youtube.com/watch?v=JTFh-Bjqwhs ,"
3.1.4 Central Limit Theorem,"https://youtu.be/qB6gNL64vlE ,https://www.youtube.com/watch?v=b5xQmk9veZ4 ,"
3.1.5 Sampling Distribution of the mean,"https://youtu.be/z2Dqwbz2l9g ,https://www.youtube.com/watch?v=sZ0DsE4vhqk ,"
3.1.6 Sampling distribution of proportion,"https://youtu.be/GJSPOTNGmvc ,https://www.youtube.com/watch?v=fuGwbG9_W1c ,"
3.1.7 Estimation - Introduction,"https://youtu.be/M2LcSgMOgLo ,https://www.youtube.com/watch?v=bCR4jLuiSlA ,"
3.1.8 Types of Estimation,"https://youtu.be/5g97AjIE2pQ ,https://www.youtube.com/watch?v=_BiVb6neUP0 ,"
3.1.9 Using z Statistic for estimating population mean,"https://youtu.be/dt62-Uwyogs ,https://www.youtube.com/watch?v=5NcMFlrnYp8 ,"
3.1.10 Confidence interval,"https://youtu.be/6YNZZdee5ls ,https://www.youtube.com/watch?v=tFWsuO9f74o ,"
3.1.11 Estimating population mean using t Statistic,"https://youtu.be/bK66iOry5mA ,https://www.youtube.com/watch?v=adnUfMk5pqg ,"
3.1.12 Confidence interval estimation for population proportion,"https://youtu.be/pBl9_mdowgY ,https://www.youtube.com/watch?v=3ReWri_jh3M ,"
Industry Example,"https://youtu.be/Z0_NlRLPyR4 ,"
Case Study,"https://youtu.be/AfSDYJZTn_w ,"
Industry Example,"https://youtu.be/Z0_NlRLPyR4 ,"
Case Study,"https://youtu.be/AfSDYJZTn_w ,"
4.1.1 Hypothesis Testing - Introduction,"https://youtu.be/ozB5DG6HM08 ,https://www.youtube.com/watch?v=DlwOTOydeyk ,"
4.1.2 Developing null and alternate hypothesis,"https://youtu.be/kERna1u_mcU ,https://www.youtube.com/watch?v=wiYJWyfdGg4 ,"
4.1.3 Type I error and Type II error,"https://youtu.be/rLZc-wuUlqE ,https://www.youtube.com/watch?v=a_l991xUAOU ,"
4.1.4 Level of Significance and Critical Region,"https://youtu.be/HsQ1CXlodVk ,https://www.youtube.com/watch?v=ia32vrSU1FM ,"
4.1.5 Standard Error,"https://youtu.be/5pWtqDZ_DDE ,https://www.youtube.com/watch?v=BwYj69LAQOI ,"
4.1.6 Confidence Interval,"https://youtu.be/G_Qx4JUny1Y ,https://www.youtube.com/watch?v=tFWsuO9f74o&amp;t=31s ,"
4.2.1 For single population mean using t-statistic,"https://youtu.be/uijVZB6Ny5Q ,https://www.youtube.com/watch?v=voP0OrYEoqQ ,"
4.2.2 For single population mean using z-statistic,"https://youtu.be/SIxA1RB0C3A ,https://www.youtube.com/watch?v=2GU_R7G5m-8 ,"
4.2.3 Hypothesis testing for population proportion,"https://youtu.be/bn89BLGJMWM ,https://www.youtube.com/watch?v=5LFhu0vGzkI ,"
4.3.1 Inference about the difference between two population means,"https://youtu.be/R1Uac9JNXDw ,https://www.youtube.com/watch?v=86ss6qOTfts&amp;t=25s ,"
4.3.2 Inference about the difference between two population proportions,"https://youtu.be/bqToOh1eXNk ,https://www.youtube.com/watch?v=g0at6LpYvHc ,"
4.3.3 Independent samples and Matched Samples,"https://youtu.be/rDtYaqC90fs ,https://www.youtube.com/watch?v=byLVMnk9QuY ,"
4.3.4 Inference about the ratio of two population variances,"https://youtu.be/uYqhm2jX05Q ,https://www.youtube.com/watch?v=kEnPOogexVY ,"
4.4.1 Analysis of Variance,"https://youtu.be/YXopruvzf7Q ,https://www.youtube.com/watch?v=QUQ6YppWCeg ,"
"4.5.1 Chi-squared goodness of fit test for mean, and test of independence","https://youtu.be/IRu53UCrphc ,https://www.youtube.com/watch?v=2QeDRsxSF9M ,"
Industry Example,"https://youtu.be/Z0_NlRLPyR4 ,"
Case Study,"https://youtu.be/AfSDYJZTn_w ,"
Case Study (Using MS Excel),"https://youtu.be/2NwCzc3Rn3E ,"
Industry experience (Using MS Excel),"https://www.youtube.com/watch?v=bsn2jrUdUEM&amp;feature=youtu.be ,"
5.1.1 Measures of Linear Relationship: covariance & correlation - Intro,"https://youtu.be/YB67l-s5-t4 ,https://www.youtube.com/watch?v=FLUfWUkbyUQ ,"
5.1.2 Measuring relationship covariance,"https://youtu.be/y3tT3IgJOSY ,https://www.youtube.com/watch?v=DXj1b28_RdY ,"
5.1.3 Measuring relationship pearson R,"https://youtu.be/G--4PAlwb_M ,https://www.youtube.com/watch?v=lVOzlHx_15s&amp;t=3s ,"
5.1.4 Covariance and Correlation - Application in real life,"https://youtu.be/AiDSNygOl7o ,"
5.1.5 Types of Correlation,"https://youtu.be/FVe-6dc6EKo ,https://www.youtube.com/watch?v=267rXc8350Q ,"
5.1.6 Karl Pearson’s Coefficient of Correlation - Introduction,"https://youtu.be/80N1zMS6pWk ,https://www.youtube.com/watch?v=rWsiBmA_8Q4 ,"
5.1.7 Spearman Rank Correlation Method - Introduction,"https://www.youtube.com/watch?v=gFqHZqWojrc&amp;feature=youtu.be ,https://www.youtube.com/watch?v=pFzNaxJIpiU ,"
5.1.8 Coefficient of Correlation - Karl Pearson and Spearman rank correlation application/Industry Example,"https://youtu.be/2vqxmNJ8zfU ,"
5.1.9 Regression Model,"https://youtu.be/zrVGvPnEaqs ,https://www.youtube.com/watch?v=owI7zxCqNY0&amp;t=1s ,"
5.1.10 Part-1 Least Square Method,"https://youtu.be/Lo3x6mpRiTg ,https://www.youtube.com/watch?v=P8hT5nDai6A&amp;t=2s ,"
5.1.10 Part-2 Curve fitting,"https://youtu.be/Xl8BP9R8wrg ,https://www.youtube.com/watch?v=tl5QNhSe0Yk ,"
5.1.11 Assessing the Model (Analysis and Interpretation of Excel Output only),"https://youtu.be/mXhaGfsPs5U ,"
5.1.12 Standard Error of Estimate,"https://youtu.be/KVqk2LusXNk ,https://www.youtube.com/watch?v=ruWN4eMP-vA ,"
5.1.13 Coefficient of determination,"https://youtu.be/3YGBkPQzYSY ,https://www.youtube.com/watch?v=lng4ZgConCM&amp;t=1s ,"
5.2.1 Part 1 - Time Series - Intro,"https://youtu.be/bJsyb17QPgw ,https://www.youtube.com/watch?v=GUq_tO2BjaU ,"
5.2.1 Part 2 - Time Series - Intro,"https://youtu.be/zFjpPFDNG30 ,https://www.youtube.com/watch?v=p0InfbNRyl0 ,"
5.2.1 Part 3 - Time Series - Intro,"https://youtu.be/cQgbTQzxdQI ,https://www.youtube.com/watch?v=bhjg0TZssI8 ,"
5.2.2 Secular Trend and it measurement,"https://youtu.be/hcDyAFq9Fn8 ,https://www.youtube.com/watch?v=3zH5GKyYB-w ,"
5.2.3 Seasonal Variation and its measurement,"https://youtu.be/OTFetf9_WK4 ,https://www.youtube.com/watch?v=4hrMdu9CSQs ,"
5.2.4 Cyclical and Irregular variation and its measurement,"https://youtu.be/0h4MLLAgwQ4 ,https://www.youtube.com/watch?v=rPrJ7sSbTqM ,"
5.2.5 Numerical application of trend analysis only,"https://youtu.be/Nz-XkrmDk3M ,https://www.youtube.com/watch?v=GW7nzZXbMfU ,"
Case Study,"https://youtu.be/AfSDYJZTn_w ,"
Case Study,"https://youtu.be/8lUWEzUDyBg ,"
Syllabus,
1.1_Defining Marketing for the New Reality,"https://youtu.be/LwYfo_ogt_0 ,"
1.2_The Value and Scope of Marketing,"https://youtu.be/nx_hAdkisrQ ,https://www.youtube.com/watch?v=hX-X4SndI2w ,"
"2.1 Needs, Wants and Demands","https://youtu.be/e3z3P6Xag2s ,https://www.youtube.com/watch?v=Okczqyr5TII ,"
"2.2_Segmentation,Target Markets, and Positioning","https://youtu.be/SRWw8Fnvqj4 ,https://www.youtube.com/watch?v=jBa108ybzmg ,"
2.3_Offerings and Brands / Marketing Channels,"https://youtu.be/hFcRRzwwUbE ,https://www.youtube.com/watch?v=uaGotppPsCs ,"
"2.4_Paid, Owned, and Earned Media /Impressions and Engagement","https://youtu.be/HcyP1GpDqBo ,https://www.youtube.com/watch?v=0RiPrhAbPDc ,"
2.5_Value and Satisfaction /Supply Chain,"https://youtu.be/wv9nr_BNXYk ,https://www.youtube.com/watch?v=XK3cNcuvuMs ,"
2.6_Competition /Marketing Environment,"https://youtu.be/z1kyRezTlE8 ,https://www.youtube.com/watch?v=Jf5v-s8n7bY ,"
3.1_Marketing and Customer value,"https://youtu.be/c3E8F179l-8 ,https://www.youtube.com/watch?v=cvt6ELswxHc ,"
3.2_The Value Delivery Process,"https://youtu.be/FgA17ZYDjgs ,https://www.youtube.com/watch?v=KnAVgP2YjYE ,"
3.3_The Value Chain,"https://youtu.be/AjAIgsqUJvU ,https://www.youtube.com/watch?v=g8p2H7EvoGM ,"
3.4_Core Competencies,"https://youtu.be/sn1eSTw-LSA ,https://www.youtube.com/watch?v=Abl6b71H2Mc ,"
4.1_Philosophies of Marketing Management,"https://youtu.be/iYJLSnrD0EQ ,https://www.youtube.com/watch?v=SrmnMOh7ejY ,"
5.1_Marketing and Selling,"https://youtu.be/fXRIHigtwMA ,https://www.youtube.com/watch?v=OqcTwveJmRU ,"
5.2_Importance of Selling,"https://youtu.be/yhmGWKVt9vA ,https://www.youtube.com/watch?v=cFdCzN7RYbw ,"
6.1_Relationship marketing,"https://youtu.be/0BLB0AZtH1c ,https://www.youtube.com/watch?v=x0MyTasxvp4 ,"
7.1_Social marketing,"https://youtu.be/5E1161XRiTA ,https://www.youtube.com/watch?v=K1_GXyvIWQY ,"
8.1_Strategy versus Tactics,"https://youtu.be/Oaq5XC_8a0s ,https://www.youtube.com/watch?v=rbu1GGjI0Io ,"
8.2_Levels of Strategic Planning,"https://youtu.be/XwDnC0-dQT4 ,https://www.youtube.com/watch?v=l9N_g5kIeE8 ,"
8.3_Strategic Planning Process,"https://youtu.be/UD1UbqZlmMY ,https://www.youtube.com/watch?v=jVRIWeZP52k ,"
8.4_SWOT Analysis,"https://youtu.be/CFVMTvUiU3U ,https://www.youtube.com/watch?v=Za3FVNBn6Q4&amp;list=PLftmziinjwVTnSI2mo3PTMH6VdwP63j3S&amp;index=4 ,"
8.5_Boston Consulting Group (BCG) matrix,"https://youtu.be/QAuXnrNR2Ok ,https://www.youtube.com/watch?v=JrQfcVoNXvA&amp;list=PLftmziinjwVTnSI2mo3PTMH6VdwP63j3S ,"
8.6_Marketing Process,"https://youtu.be/jM0ev3OvJmw ,https://www.youtube.com/watch?v=Wwm4Z0pjCPI ,"
9.1_ Marketing strategy formulation,"https://youtu.be/U_GGVQwWO0Q ,https://www.youtube.com/watch?v=Zyvqi69ZyLY ,"
9.2_ Marketing Plan,"https://youtu.be/Q6JBzF1terg ,https://www.youtube.com/watch?v=ND0cB_J9vE8 ,"
Module I_Case Study_Happy Parts Company,"https://www.youtube.com/watch?v=k_QmUE7T2Ao ,"
1.1_What Is Consumer Behavior in Marketing?,"https://youtu.be/y1vVBrdhJqA ,https://www.youtube.com/watch?v=gtfPU6nTa9k ,"
1.2_Importance of Consumer Behavior,"https://youtu.be/6Zi8zGSq464 ,https://www.youtube.com/watch?v=PSLpdM6EYTQ ,"
1.3_Types of consumer behavior(Henry Assael Model),"https://youtu.be/wy5QFxMCMBs ,https://www.youtube.com/watch?v=8oBLD5zEMlU ,"
2.1_The factors influencing consumer behavior,"https://youtu.be/oVtX_ZLDPL4 ,https://www.youtube.com/watch?v=2QlZ_EM_u1I ,"
2.2_Types of Buying Decision Behavior,"https://youtu.be/HhAIC68gF7I ,https://www.youtube.com/watch?v=0nGPpVbHYJQ ,"
2.3_Buying decision making process,"https://youtu.be/50fTgRtxjqA ,https://www.youtube.com/watch?v=QV9hNGCuYe0 ,"
2.4_Buying Decision Process for New Products,"https://youtu.be/Yvcpo5BshkE ,https://www.youtube.com/watch?v=3CpApLhJ-34 ,"
2.5_Buying Motives,"https://youtu.be/OFZrU67ky-Q ,https://www.youtube.com/watch?v=CpM_7Llnej8 ,"
2.6_Major Factors Influencing Consumer Behavior-1,"https://youtu.be/24-n2jwPev8 ,"
2.7_Major Factors Influencing Consumer Behavior-2,"https://youtu.be/gSmRpWJrfC0 ,"
2.8_Cultural factors,"https://youtu.be/JNrCK2OZvnY ,"
2.9_Personal Factors,"https://youtu.be/IBVaMTC45s0 ,"
2.10_Economic Factors,"https://youtu.be/0ub1WQIhm4M ,"
2.11_Stages of Consumer Adoption Process Product,"https://youtu.be/O3ko5H6_m2c ,"
3.1_Concept of Market Segmentation,"https://youtu.be/HScm3biJ5VE ,"
3.2_Characteristics of Market Segmentation,"https://youtu.be/plo_bRSQpzk ,"
3.3_Benefits of Market Segmentation,"https://youtu.be/kSblFHZedVY ,"
3.4_Market Segmentation Process,"https://youtu.be/FdSHBjkgZ7o ,"
3.5_Bases of Market Segmentation,"https://youtu.be/HNB0aeyI4kc ,"
4.1_Requisites of Effective Market Segmentation,"https://youtu.be/wQg0TV-PY0M ,"
5.1_What is Targeting in Marketing?,"https://youtu.be/lfiveCwLViM ,"
5.2_Why is Targeting in Marketing So Important?,"https://youtu.be/-8oTKP9-ptg ,"
5.3_How to Identify Target Market Opportunities,"https://youtu.be/BK0e3IUrlOg ,"
5.4_How to Use Target Marketing to Improve Your Strategy,"https://youtu.be/iprP0P51t3U ,"
5.5_Targeting Customers in the Digital Age,"https://youtu.be/8KAL5SDqqDc ,"
6.1_Market Positioning,"https://youtu.be/5Oc6lVry5lQ ,"
6.2_Elements of Positioning,"https://youtu.be/ZWQI8uQeH3I ,"
Module II_Case Study_Rubber Ducky Pools,"https://youtu.be/8oyRK954d0o ,"
3.1.1_Products and services,"https://www.youtube.com/watch?v=euuY6tkOpgg ,"
3.1.2_Difference between product and services,"https://www.youtube.com/watch?v=TIL1wtxfOQ4 ,"
3.2.1_Classification of Products,"https://www.youtube.com/watch?v=oeGJLs3EEGk ,"
3.2.2_Classification of Products in Marketing - Consumer Products,"https://www.youtube.com/watch?v=2kK217xwrWM ,"
3.3.1_New product development,"https://www.youtube.com/watch?v=0V3BOib4OBI ,https://www.youtube.com/watch?v=3CpApLhJ-34 ,"
3.3.2_Need of New product development,"https://www.youtube.com/watch?v=iOVJYv5HxNU ,"
3.3.3_ Stages of New Product Development,"https://www.youtube.com/watch?v=OIadwL3m-90 ,"
3.3.4_Approaches to strategically developing new products,"https://youtu.be/c4KXnBA7rNo ,"
3.4.1_Product Packaging,"https://youtu.be/rB4YgLLydIc ,https://www.youtube.com/watch?v=i2pnLrsMtPs&amp;list=PLvDdvz8B_JZs2YKctTrqTbrJlv7yv9Gvh&amp;index=12 ,"
3.4.2_The purposes of packaging,"https://youtu.be/ZsoLBej5v6M ,"
3.4.3_Types of Packaging,"https://youtu.be/vJOgU2UHnXI ,"
3.4.4_Labeling,"https://youtu.be/1PjLtgkRrHM ,"
3.4.5_Importance of Labeling,"https://youtu.be/DhPWAWx3unM ,"
3.5.1_Product Mix,"https://youtu.be/1Ab1Kk-SJD0 ,https://www.youtube.com/watch?v=3o0EHOktiaw&amp;list=PLvDdvz8B_JZs2YKctTrqTbrJlv7yv9Gvh&amp;index=3 ,"
3.5.2_Product Mix Decisions,"https://youtu.be/o4UYIOhrJVA ,"
4.1.1_Pricing in Marketing,"https://youtu.be/EnADlNQe7Eo ,https://www.youtube.com/watch?v=vpRFgi2HqQ0 ,"
4.1.2_Factors Influencing Pricing,"https://youtu.be/FCKikzJ-D7g ,"
4.1.3_Importance of Pricing,"https://youtu.be/L4qADqlkWRs ,"
4.2.1_Pricing policy,"https://youtu.be/vzkTqlsw4qM ,"
4.2.2_Types of Pricing,"https://youtu.be/DCGf-kdr2CQ ,"
4.2.3_Skimming pricing,"https://youtu.be/YhbSj0GA40k ,https://www.youtube.com/watch?v=g98eOPnQlkk&amp;list=PLp8BSCLLWBUCTDvRtruUQE7Auli3N_kxk&amp;index=92&amp;t=0s ,"
4.2.4_Penetration Pricing,"https://youtu.be/zmx6Zz3g_jE ,https://www.youtube.com/watch?v=t4Qom0cAK1E&amp;list=PLp8BSCLLWBUCTDvRtruUQE7Auli3N_kxk&amp;index=92 ,"
4.2.5_Price Discrimination,"https://youtu.be/vh3ArC4kqjg ,"
4.2.6_Premium Pricing,"https://youtu.be/UaxgENsHbIY ,"
4.2.7_Psychological Pricing,"https://youtu.be/5JJoWrdjXwE ,"
4.2.8_Dynamic Pricing,"https://youtu.be/xaHsC727emc ,https://www.youtube.com/watch?v=NM8yJsBgBJ8&amp;list=PLp8BSCLLWBUCTDvRtruUQE7Auli3N_kxk&amp;index=93 ,"
4.2.9_Target Pricing,"https://youtu.be/V6NlVZs3ELo ,"
4.2.10_Marginal-Cost Pricing,"https://youtu.be/JJxp1HdkZI0 ,"
4.2.11_Pricing Absorption,"https://youtu.be/GW12zkqfyHM ,"
4.2.12_Value-Based Pricing,"https://youtu.be/3Hq4dEEVYL8 ,"
4.2.13_Odd Pricing,"https://youtu.be/JZMRnMu2jOs ,"
4.2.14_Mark-Up Pricing,"https://youtu.be/bmvA20ZqTdQ ,"
4.2.15_Target Return Pricing,"https://youtu.be/_FJedOJWH94 ,"
4.2.16_Going-Rate Pricing,"https://youtu.be/gvY1O9TIbKE ,"
4.3.1_Price changes dealing with new forces arising within the organization,"https://youtu.be/7wnQ59R8rKs ,"
4.3.2_Price changes dealing with new forces arising the market,"https://youtu.be/agyibe6OJBM ,"
Module IV_Case Study: Rubber Ducky Pools Pricing,"https://youtu.be/tKXlrm5KsB4 ,"
5.1.1_Meaning and importance of Marketing Channels,"https://youtu.be/AxheHnTuU_E ,https://www.youtube.com/watch?v=vCfyBGnO6xs ,"
5.1.2_ Channel functions and its flows in marketing channels,"https://youtu.be/iVOKFwmHE5g ,https://www.youtube.com/watch?v=csnvn0sicQs ,"
5.1.3_Channel Design and Management Decisions,"https://youtu.be/CDAb3W5ganU ,https://www.youtube.com/watch?v=g-M5CFMV5Fc ,"
5.2.1_Vertical Marketing System ,"https://youtu.be/UDEGY4CpxLU ,"
5.2.2_Types and Benefits of vertical marketing system,"https://youtu.be/tZd3Z1PoxQU ,https://www.youtube.com/watch?v=rT3lp9yD330 ,"
5.2.3_Horizontal Marketing System,"https://youtu.be/rY_DXWYI5X8 ,https://www.youtube.com/watch?v=yIQQ-jmu1F4 ,"
5.2.4_Types and Benefits of Horizontal marketing system,"https://youtu.be/mwR6LIHbXBg ,https://www.youtube.com/watch?v=MZsz6ndSk-8 ,"
5.2.5_Multi-channel marketing systems ,"https://youtu.be/xMQcODRsNbo ,"
5.2.6_Types and Benefits of Multi-channel distribution systems,"https://youtu.be/nyaHNz2xGk8 ,https://www.youtube.com/watch?v=kKLHEnuS__0 ,"
"5.3.1_Introduction to Wholesaling, Retailing and Logistics","https://youtu.be/JJT3EyD7WaY ,https://www.youtube.com/watch?v=JzLoo8cFJBI ,"
5.3.2_Retailing and Types of Retailers,"https://youtu.be/fpsB-Q4ZhFw ,"
5.3.3_Wholeseller v/s Retailer,"https://youtu.be/4NDGFQAO68I ,"
5.3.4_Market Logistics,"https://youtu.be/DMMpksuwzuA ,"
5.3.5_ Developing Supply Chain as a Competitive Factor,"https://youtu.be/ot12EahHdH4 ,"
5.3.6_Managing the International Supply Chain Operations,"https://youtu.be/AkBpby04s-o ,"
5.3.7_Future Trends in Logistics and SCM,"https://youtu.be/t5xOdc8sSyE ,"
5.4.1_Integrated Marketing Communication,"https://youtu.be/DfhjEklAr6M ,https://www.youtube.com/watch?v=iOFlrrr6YPY ,"
5.4.2_IMC Tools,"https://youtu.be/MpSRTu8zqx0 ,"
5.4.3_Marketing Communication Process,"https://youtu.be/idxmg2UNTCk ,"
Module V_Rubber Ducky Pools Case Study,"https://youtu.be/U2FF10ThFBE ,"
